Casablanca, 1
Fès, 1
Marrakech, 1
Tangier, 1
Sale, 1
Rabat, 1
Meknès, 1
Oujda-Angad, 1
Kenitra, 1
Agadir, 1
Tétouan, 1
Taourirt, 1
Temara, 1
Safi, 1
Khénifra, 1
El Jadid, 1
Laâyoune, 1
Mohammedia, 1
Kouribga, 1
Béni Mellal, 1
Ait Melloul, 1
Nador, 1
Taza, 1
Settat, 1
Barrechid, 1
Al Khmissat, 1
Inezgane, 1
Ksar El Kebir, 1
My Drarga, 1
Larache, 1
Guelmim, 1
Berkane, 1
Ad Dakhla, 1
Bouskoura, 1
Al Fqih Ben Çalah, 1
Oued Zem, 1
Sidi Slimane, 1
Errachidia, 1
Guercif, 1
Oulad Teïma, 1
Ben Guerir, 1
Sefrou, 1
Fnidq, 1
Sidi Qacem, 1
Tiznit, 1
Moulay Abdallah, 1
Youssoufia, 1
Martil, 1
Aïn Harrouda, 1
Souq Sebt Oulad Nemma, 1
Skhirate, 1
Ouezzane, 1
Sidi Yahya Zaer, 1
Al Hoceïma, 1
M’diq, 1
Midalt, 1
Azrou, 1
El Kelaa des Srarhna, 1
Ain El Aouda, 1
Beni Yakhlef, 1
Ad Darwa, 1
Al Aaroui, 1
Qasbat Tadla, 1
Boujad, 1
Jerada, 1
Mrirt, 1
El Aïoun, 1
Azemmour, 1
Temsia, 1
Zagora, 1
Ait Ourir, 1
Aziylal, 1
Sidi Yahia El Gharb, 1
Biougra, 1
Zaïo, 1
Aguelmous, 1
El Hajeb, 1
Zeghanghane, 1
Imzouren, 1
Tit Mellil, 1
Mechraa Bel Ksiri, 1
Al ’Attawia, 1
Demnat, 1
Arfoud, 1
Tameslouht, 1
Bou Arfa, 1
Sidi Smai’il, 1
Souk et Tnine Jorf el Mellah, 1
Mehdya, 1
Aïn Taoujdat, 1
Chichaoua, 1
Tahla, 1
Oulad Yaïch, 1
Moulay Bousselham, 1
Iheddadene, 1
Missour, 1
Zawyat ech Cheïkh, 1
Bouknadel, 1
Oulad Tayeb, 1
Oulad Barhil, 1
Bir Jdid, 1
Tifariti, 1